State,LGA,Enrollment,Teachers,Classrooms,StudentTeacherRatio,PupilClassroomRatio,SchoolType,HasElectricity,ActualPassRate
Abia,Aba North,59422,940,300,63.21,198.07,JSS,0,5.0
Abia,Aba South,4685,1412,799,3.32,5.86,SSS,0,82.5
Abia,Arochukwu,9396,827,590,11.36,15.93,Primary,0,37.4
Abia,Bende,4899,1347,534,3.64,9.17,Primary,1,72.3
Abia,Ikwuano,46323,93,271,498.1,170.93,JSS,0,5.0
Abia,Isiala Ngwa North,43994,285,110,154.36,399.95,JSS,1,5.5
Abia,Isiala Ngwa South,48758,481,759,101.37,64.24,Primary,1,6.5
Abia,Isuikwuato,27253,375,754,72.67,36.14,SSS,1,9.7
Abia,Obi Ngwa,42976,1260,44,34.11,976.73,JSS,0,5.0
Abia,Ohafia,15666,310,70,50.54,223.8,Primary,1,11.0
Abia,Osisioma Ngwa,14837,884,128,16.78,115.91,JSS,1,50.5
Abia,Ugwunagbo,59090,472,236,125.19,250.38,JSS,1,5.0
Abia,Ukwa East,21141,564,436,37.48,48.49,JSS,0,38.6
Abia,Ukwa West,25299,657,711,38.51,35.58,JSS,0,70.3
Abia,Umuahia North,32723,1443,360,22.68,90.9,JSS,1,38.3
Abia,Umuahia South,12474,1462,739,8.53,16.88,Primary,1,57.8
Abia,Umu Nneochi,37766,1477,701,25.57,53.87,Primary,1,94.9
Adamawa,Demsa,23080,1031,110,22.39,209.82,Primary,1,44.3
Adamawa,Fufore,49717,1233,82,40.32,606.3,JSS,1,20.6
Adamawa,Ganye,5327,963,639,5.53,8.34,Primary,0,60.8
Adamawa,Girei,45107,266,355,169.58,127.06,SSS,1,5.0
Adamawa,Gombi,21343,630,367,33.88,58.16,JSS,0,48.7
Adamawa,Guyuk,50025,230,444,217.5,112.67,JSS,1,5.0
Adamawa,Hong,23932,1140,189,20.99,126.62,JSS,0,53.1
Adamawa,Jada,9295,133,149,69.89,62.38,Primary,1,58.6
Adamawa,Lamurde,53108,240,609,221.28,87.21,JSS,0,5.0
Adamawa,Madagali,23880,719,62,33.21,385.16,SSS,1,21.1
Adamawa,Maiha,51404,877,638,58.61,80.57,Primary,0,66.0
Adamawa,Mayo-Belwa,48714,626,221,77.82,220.43,Primary,0,10.0
Adamawa,Michika,34216,381,210,89.81,162.93,Primary,1,5.0
Adamawa,Mubi North,29641,645,599,45.96,49.48,Primary,1,50.1
Adamawa,Mubi South,30751,1496,275,20.56,111.82,SSS,0,25.9
Adamawa,Numan,25009,982,65,25.47,384.75,Primary,1,53.4
Adamawa,Shelleng,36621,130,694,281.7,52.77,SSS,1,22.8
Adamawa,Song,18338,523,642,35.06,28.56,Primary,1,56.2
Adamawa,Toungo,7142,946,685,7.55,10.43,Primary,0,62.9
Adamawa,Yola North,20214,1161,375,17.41,53.9,Primary,1,57.3
Adamawa,Yola South,48543,1340,301,36.23,161.27,Primary,0,44.8
Akwa Ibom,Abak,11130,1179,183,9.44,60.82,Primary,0,64.0
Akwa Ibom,Eastern Obolo,32124,1307,247,24.58,130.06,Primary,0,35.0
Akwa Ibom,Eket,41649,601,787,69.3,52.92,JSS,0,20.1
Akwa Ibom,Esit Eket,12540,595,45,21.08,278.67,SSS,1,10.5
Akwa Ibom,Essien Udim,7000,1036,720,6.76,9.72,Primary,1,69.3
Akwa Ibom,Etim Ekpo,6373,1356,528,4.7,12.07,JSS,1,79.4
Akwa Ibom,Etinan,14261,497,144,28.69,99.03,JSS,0,36.4
Akwa Ibom,Ibeno,30384,755,423,40.24,71.83,JSS,1,41.0
Akwa Ibom,Ibesikpo Asutan,20955,1057,125,19.82,167.64,JSS,1,57.6
Akwa Ibom,Ibiono Ibom,17397,675,758,25.77,22.95,Primary,0,61.1
Akwa Ibom,Ika,39939,344,484,116.1,82.52,JSS,1,5.0
Akwa Ibom,Ikono,55788,1254,173,44.49,322.47,Primary,1,19.0
Akwa Ibom,Ikot Abasi,41102,812,264,50.62,155.69,Primary,1,41.8
Akwa Ibom,Ikot Ekpene,26322,713,223,36.92,118.04,Primary,1,34.3
Akwa Ibom,Ini,43262,296,330,146.16,131.1,Primary,0,5.0
Akwa Ibom,Itu,31710,1229,480,25.8,66.06,JSS,0,64.7
Akwa Ibom,Mbo,16116,974,390,16.55,41.32,Primary,1,67.5
Akwa Ibom,Mkpat Enin,49196,213,87,230.97,565.47,JSS,0,5.0
Akwa Ibom,Nsit Atai,24732,1330,688,18.6,35.95,Primary,0,54.6
Akwa Ibom,Nsit Ibom,43821,1362,685,32.17,63.97,SSS,0,46.6
Akwa Ibom,Nsit Ubium,27933,1051,437,26.58,63.92,Primary,1,32.8
Akwa Ibom,Obot Akara,7835,581,174,13.49,45.03,JSS,1,66.4
Akwa Ibom,Okobo,59866,1356,419,44.15,142.88,Primary,1,18.1
Akwa Ibom,Onna,30712,225,253,136.5,121.39,Primary,0,10.9
Akwa Ibom,Oron,24168,184,128,131.35,188.81,JSS,0,15.8
Akwa Ibom,Oruk Anam,56330,1248,114,45.14,494.12,JSS,1,5.0
Akwa Ibom,Udung Uko,45783,113,377,405.16,121.44,SSS,1,5.0
Akwa Ibom,Ukanafun,22198,1406,236,15.79,94.06,SSS,0,38.4
Akwa Ibom,Uruan,45289,177,364,255.87,124.42,Primary,0,5.0
Akwa Ibom,Urue-Offong/Oruko,59882,160,162,374.26,369.64,JSS,1,5.0
Akwa Ibom,Uyo,10941,132,479,82.89,22.84,Primary,1,21.4
Anambra,Aguata,27071,979,389,27.65,69.59,SSS,1,31.8
Anambra,Anambra East,14314,1108,495,12.92,28.92,Primary,1,39.4
Anambra,Anambra West,49892,1176,278,42.43,179.47,JSS,1,27.9
Anambra,Anaocha,7432,1129,286,6.58,25.99,SSS,1,62.6
Anambra,Awka North,51513,444,695,116.02,74.12,SSS,1,5.0
Anambra,Awka South,43441,885,768,49.09,56.56,Primary,1,32.4
Anambra,Ayamelum,9229,205,566,45.02,16.31,JSS,0,53.6
Anambra,Dunukofia,29734,307,140,96.85,212.39,Primary,0,6.7
Anambra,Ekwusigo,51447,394,770,130.58,66.81,Primary,1,5.0
Anambra,Idemili North,55669,429,636,129.76,87.53,JSS,0,15.4
Anambra,Idemili South,56441,926,744,60.95,75.86,JSS,1,40.6
Anambra,Ihiala,29386,803,254,36.6,115.69,Primary,1,44.1
Anambra,Njikoka,42756,338,702,126.5,60.91,JSS,1,25.5
Anambra,Nnewi North,8287,400,348,20.72,23.81,Primary,1,72.9
Anambra,Nnewi South,34037,315,363,108.05,93.77,SSS,0,5.0
Anambra,Ogbaru,24852,952,258,26.11,96.33,JSS,1,41.8
Anambra,Onitsha North,21520,481,325,44.74,66.22,JSS,0,33.6
Anambra,Onitsha South,10804,501,52,21.56,207.77,Primary,1,69.0
Anambra,Orumba North,44157,658,420,67.11,105.14,Primary,0,5.0
Anambra,Orumba South,3922,499,186,7.86,21.09,Primary,1,57.3
Anambra,Oyi,49714,944,147,52.66,338.19,Primary,1,5.0
Bauchi,Alkaleri,17382,403,714,43.13,24.34,JSS,1,55.3
Bauchi,Bauchi,15298,1357,579,11.27,26.42,Primary,0,72.3
Bauchi,Bogoro,13457,220,645,61.17,20.86,SSS,1,58.9
Bauchi,Damban,41727,206,135,202.56,309.09,Primary,0,5.0
Bauchi,Darazo,50882,893,642,56.98,79.26,Primary,1,37.3
Bauchi,Dass,55659,392,146,141.99,381.23,SSS,0,5.0
Bauchi,Gamawa,11666,497,376,23.47,31.03,Primary,1,32.7
Bauchi,Ganjuwa,58472,364,92,160.64,635.57,SSS,1,5.0
Bauchi,Giade,24566,1463,590,16.79,41.64,JSS,1,44.9
Bauchi,Itas/Gadau,30952,508,506,60.93,61.17,Primary,0,14.3
Bauchi,Jama'are,51302,1089,223,47.11,230.05,Primary,1,10.6
Bauchi,Katagum,51770,879,487,58.9,106.3,SSS,0,52.9
Bauchi,Kirfi,22846,1452,37,15.73,617.46,Primary,0,31.2
Bauchi,Misau,38822,1367,447,28.4,86.85,SSS,0,22.3
Bauchi,Ningi,58764,989,764,59.42,76.92,JSS,0,25.1
Bauchi,Shira,23079,1484,577,15.55,40.0,SSS,0,47.6
Bauchi,Tafawa Balewa,18358,1489,736,12.33,24.94,JSS,1,41.8
Bauchi,Toro,57771,933,393,61.92,147.0,SSS,0,22.7
Bauchi,Warji,38954,1312,555,29.69,70.19,Primary,1,51.8
Bauchi,Zaki,11996,154,175,77.9,68.55,Primary,1,36.5
Bayelsa,Brass,59293,1481,617,40.04,96.1,Primary,0,38.8
Bayelsa,Ekeremor,38737,1060,505,36.54,76.71,Primary,1,59.2
Bayelsa,Kolokuma/Opokuma,22250,772,321,28.82,69.31,JSS,0,47.0
Bayelsa,Nembe,56302,702,693,80.2,81.24,Primary,1,23.7
Bayelsa,Ogbia,59253,444,511,133.45,115.95,JSS,1,7.4
Bayelsa,Sagbama,27354,210,527,130.26,51.91,Primary,1,29.5
Bayelsa,Southern Ijaw,52082,896,46,58.13,1132.22,SSS,0,5.0
Bayelsa,Yenagoa,4750,453,739,10.49,6.43,JSS,1,88.3
Benue,Ado,30935,857,45,36.1,687.44,Primary,0,19.9
Benue,Agatu,20905,906,756,23.07,27.65,Primary,1,59.3
Benue,Apa,3614,1376,555,2.63,6.51,Primary,0,17.8
Benue,Buruku,15651,118,556,132.64,28.15,JSS,0,5.0
Benue,Gboko,51288,95,522,539.87,98.25,JSS,0,5.0
Benue,Guma,6810,1142,58,5.96,117.41,JSS,0,60.2
Benue,Gwer East,13616,345,388,39.47,35.09,Primary,0,41.3
Benue,Gwer West,35913,372,694,96.54,51.75,Primary,1,28.2
Benue,Katsina-Ala,46194,140,409,329.96,112.94,Primary,0,5.0
Benue,Konshisha,57842,1413,272,40.94,212.65,Primary,1,25.7
Benue,Kwande,55997,133,76,421.03,736.8,JSS,1,7.3
Benue,Logo,27578,239,768,115.39,35.91,JSS,1,5.0
Benue,Makurdi,21024,1031,352,20.39,59.73,Primary,1,53.6
Benue,Obi,53106,1329,153,39.96,347.1,Primary,1,5.0
Benue,Ogbadibo,6020,875,622,6.88,9.68,JSS,0,70.9
Benue,Ohimini,37080,1365,245,27.16,151.35,SSS,0,35.4
Benue,Oju,35088,1273,385,27.56,91.14,Primary,0,58.1
Benue,Okpokwu,43329,751,392,57.7,110.53,JSS,0,45.3
Benue,Otukpo,29123,374,253,77.87,115.11,Primary,0,13.3
Benue,Tarka,4007,1429,496,2.8,8.08,SSS,1,52.3
Benue,Ukum,8084,357,225,22.64,35.93,JSS,1,49.7
Benue,Ushongo,14383,289,335,49.77,42.93,Primary,0,46.6
Benue,Vandeikya,24427,460,489,53.1,49.95,JSS,1,37.8
Borno,Abadam,39124,595,128,65.75,305.66,JSS,1,6.0
Borno,Askira/Uba,16261,1187,51,13.7,318.84,Primary,1,46.6
Borno,Bama,53085,1265,192,41.96,276.48,Primary,0,31.2
Borno,Bayo,21639,1163,459,18.61,47.14,Primary,0,24.5
Borno,Biu,56625,978,587,57.9,96.47,JSS,1,5.0
Borno,Chibok,12208,1035,755,11.8,16.17,Primary,1,41.9
Borno,Damboa,33015,417,395,79.17,83.58,JSS,0,19.2
Borno,Dikwa,55648,1495,243,37.22,229.0,Primary,1,27.6
Borno,Gubio,38488,793,271,48.53,142.02,Primary,1,38.6
Borno,Guzamala,50219,997,132,50.37,380.45,Primary,1,21.8
Borno,Gwoza,9090,396,664,22.95,13.69,JSS,0,47.1
Borno,Hawul,57535,1421,113,40.49,509.16,SSS,1,43.1
Borno,Jere,32545,93,41,349.95,793.78,Primary,0,5.0
Borno,Kaga,55579,764,762,72.75,72.94,JSS,1,35.7
Borno,Kala/Balge,5920,1162,672,5.09,8.81,Primary,1,75.2
Borno,Konduga,33027,941,754,35.1,43.8,Primary,1,60.9
Borno,Kukawa,42063,1026,637,41.0,66.03,Primary,1,55.2
Borno,Kwaya Kusar,29958,1011,324,29.63,92.46,JSS,0,54.2
Borno,Mafa,30490,873,549,34.93,55.54,JSS,0,24.3
Borno,Magumeri,3525,413,31,8.54,113.71,Primary,1,59.2
Borno,Maiduguri,44089,917,174,48.08,253.39,JSS,1,38.2
Borno,Marte,35419,380,332,93.21,106.68,JSS,1,19.4
Borno,Mobbar,41663,1051,542,39.64,76.87,Primary,0,28.1
Borno,Monguno,54886,1307,194,41.99,282.92,JSS,1,36.9
Borno,Ngala,19001,1048,540,18.13,35.19,Primary,1,42.3
Borno,Nganzai,32856,1088,720,30.2,45.63,JSS,1,61.3
Borno,Shani,15115,230,413,65.72,36.6,JSS,1,21.6
Cross River,Abi,44974,748,381,60.13,118.04,SSS,0,5.0
Cross River,Akamkpa,53138,424,30,125.33,1771.27,JSS,1,7.7
Cross River,Akpabuyo,40873,783,604,52.2,67.67,JSS,1,39.9
Cross River,Bakassi,28923,1484,131,19.49,220.79,JSS,0,43.7
Cross River,Bekwarra,28426,1468,360,19.36,78.96,JSS,0,34.3
Cross River,Biase,37958,996,634,38.11,59.87,Primary,1,33.9
Cross River,Boki,47298,946,651,50.0,72.65,JSS,0,51.6
Cross River,Calabar Municipal,46461,708,250,65.62,185.84,JSS,1,30.7
Cross River,Calabar South,28519,422,355,67.58,80.34,SSS,1,29.3
Cross River,Etung,39914,403,170,99.04,234.79,Primary,1,18.1
Cross River,Ikom,9894,1259,320,7.86,30.92,SSS,0,43.6
Cross River,Obanliku,37054,1454,137,25.48,270.47,Primary,1,39.9
Cross River,Obubra,27611,1187,481,23.26,57.4,JSS,1,35.6
Cross River,Obudu,19393,1063,407,18.24,47.65,JSS,1,45.9
Cross River,Odukpani,42575,610,641,69.8,66.42,Primary,1,50.7
Cross River,Ogoja,52634,1211,255,43.46,206.41,Primary,1,22.4
Cross River,Yakurr,43390,1263,552,34.35,78.61,Primary,0,35.6
Cross River,Yala,49882,342,626,145.85,79.68,Primary,0,5.0
Delta,Aniocha North,58754,1078,309,54.5,190.14,SSS,1,16.3
Delta,Aniocha South,5472,1078,737,5.08,7.42,JSS,1,84.5
Delta,Bomadi,59549,146,410,407.87,145.24,SSS,1,5.0
Delta,Burutu,33137,532,506,62.29,65.49,Primary,1,18.1
Delta,Ethiope East,32328,1059,544,30.53,59.43,JSS,0,50.8
Delta,Ethiope West,35916,1187,435,30.26,82.57,Primary,0,38.6
Delta,Ika North East,12715,817,538,15.56,23.63,Primary,1,62.9
Delta,Ika South,39035,390,291,100.09,134.14,Primary,0,17.7
Delta,Isoko North,15329,757,623,20.25,24.61,Primary,1,76.8
Delta,Isoko South,15686,657,159,23.88,98.65,SSS,1,54.9
Delta,Ndokwa East,11286,912,139,12.38,81.19,JSS,1,47.6
Delta,Ndokwa West,26563,207,637,128.32,41.7,Primary,0,22.9
Delta,Okpe,54871,122,283,449.76,193.89,Primary,0,5.0
Delta,Oshimili North,29526,1159,492,25.48,60.01,Primary,1,62.8
Delta,Oshimili South,34823,479,793,72.7,43.91,Primary,0,36.4
Delta,Patani,40285,1334,719,30.2,56.03,Primary,1,50.9
Delta,Sapele,29715,1061,555,28.01,53.54,Primary,0,39.8
Delta,Udu,46668,729,500,64.02,93.34,Primary,0,5.0
Delta,Ughelli North,38153,252,701,151.4,54.43,SSS,1,5.0
Delta,Ughelli South,40487,673,773,60.16,52.38,SSS,1,28.2
Delta,Ukwuani,33911,96,149,353.24,227.59,Primary,0,5.0
Delta,Uvwie,28364,1387,744,20.45,38.12,Primary,1,45.0
Delta,Warri North,56078,935,202,59.98,277.61,Primary,1,29.5
Delta,Warri South,10788,487,512,22.15,21.07,Primary,1,63.3
Delta,Warri South West,48454,1314,420,36.88,115.37,SSS,1,29.8
Ebonyi,Abakaliki,42279,1323,366,31.96,115.52,JSS,1,56.4
Ebonyi,Afikpo North,14824,1485,619,9.98,23.95,Primary,1,64.6
Ebonyi,Afikpo South,6983,1391,317,5.02,22.03,SSS,1,49.8
Ebonyi,Ebonyi,58419,1064,655,54.91,89.19,Primary,0,26.4
Ebonyi,Ezza North,51758,118,526,438.63,98.4,Primary,0,5.0
Ebonyi,Ezza South,36069,1463,267,24.65,135.09,Primary,1,71.6
Ebonyi,Ikwo,56710,515,312,110.12,181.76,Primary,0,5.0
Ebonyi,Ishielu,4376,775,544,5.65,8.04,JSS,0,67.9
Ebonyi,Ivo,32806,215,391,152.59,83.9,SSS,1,5.0
Ebonyi,Izzi,47522,552,39,86.09,1218.51,JSS,1,6.0
Ebonyi,Ohaukwu,13805,1115,238,12.38,58.0,JSS,0,60.2
Ebonyi,Ohaozara,39751,1094,99,36.34,401.53,Primary,1,31.6
Ebonyi,Onicha,17537,117,217,149.89,80.82,Primary,0,5.0
Edo,Akoko-Edo,19087,415,727,45.99,26.25,JSS,0,62.6
Edo,Egor,31731,994,348,31.92,91.18,JSS,0,44.0
Edo,Esan Central,46934,947,733,49.56,64.03,Primary,1,5.0
Edo,Esan North-East,28051,842,332,33.31,84.49,Primary,0,57.6
Edo,Esan South-East,33447,1150,428,29.08,78.15,JSS,1,64.2
Edo,Esan West,37865,1052,648,35.99,58.43,Primary,1,14.8
Edo,Etsako Central,26284,626,331,41.99,79.41,Primary,1,38.0
Edo,Etsako East,46363,1363,667,34.02,69.51,Primary,1,32.2
Edo,Etsako West,45821,888,211,51.6,217.16,Primary,1,36.2
Edo,Igueben,12557,1323,192,9.49,65.4,SSS,1,47.4
Edo,Ikpoba-Okha,52733,920,257,57.32,205.19,JSS,0,15.9
Edo,Oredo,14918,1023,228,14.58,65.43,JSS,0,64.1
Edo,Orhionmwon,23644,393,50,60.16,472.88,SSS,0,10.6
Edo,Ovia North-East,28000,240,207,116.67,135.27,JSS,0,5.0
Edo,Ovia South-West,36340,1457,57,24.94,637.54,Primary,1,11.5
Edo,Owan East,49136,1169,127,42.03,386.9,JSS,1,26.4
Edo,Owan West,57565,650,679,88.56,84.78,JSS,1,5.0
Edo,Uhunmwonde,33798,707,633,47.8,53.39,JSS,0,23.3
Ekiti,Ado-Ekiti,57128,526,95,108.61,601.35,Primary,0,5.0
Ekiti,Efon,26128,458,207,57.05,126.22,Primary,1,23.0
Ekiti,Ekiti East,54707,555,326,98.57,167.81,Primary,0,39.7
Ekiti,Ekiti South West,14531,465,416,31.25,34.93,SSS,1,56.8
Ekiti,Ekiti West,57262,1103,549,51.91,104.3,JSS,1,41.5
Ekiti,Emure,18149,1119,158,16.22,114.87,JSS,1,60.2
Ekiti,Gbonyin,29170,326,669,89.48,43.6,SSS,1,18.2
Ekiti,Ido-Osi,35220,344,401,102.38,87.83,SSS,0,5.0
Ekiti,Ijero,21888,804,757,27.22,28.91,SSS,1,52.7
Ekiti,Ikere,48096,386,367,124.6,131.05,Primary,0,5.0
Ekiti,Ikole,21058,941,318,22.38,66.22,Primary,1,59.9
Ekiti,Ilejemeje,31795,80,788,397.44,40.35,JSS,1,9.5
Ekiti,Irepodun/Ifelodun,59510,612,256,97.24,232.46,Primary,0,5.0
Ekiti,Ise/Orun,53290,725,280,73.5,190.32,Primary,1,38.3
Ekiti,Moba,18037,675,310,26.72,58.18,SSS,0,27.8
Ekiti,Oye,8075,252,356,32.04,22.68,JSS,0,45.2
Enugu,Aninri,32304,866,427,37.3,75.65,Primary,1,20.9
Enugu,Awgu,49733,1306,768,38.08,64.76,JSS,1,31.4
Enugu,Enugu East,17849,1230,284,14.51,62.85,SSS,0,24.6
Enugu,Enugu North,53500,1407,305,38.02,175.41,JSS,1,34.2
Enugu,Enugu South,28634,1056,511,27.12,56.04,Primary,1,56.8
Enugu,Ezeagu,45856,738,55,62.14,833.75,JSS,0,18.7
Enugu,Igbo-Etiti,21230,427,569,49.72,37.31,Primary,1,64.1
Enugu,Igbo-Eze North,35327,1190,291,29.69,121.4,SSS,1,12.1
Enugu,Igbo-Eze South,45604,832,453,54.81,100.67,JSS,0,7.1
Enugu,Isi-Uzo,57128,1293,165,44.18,346.23,SSS,1,5.0
Enugu,Nkanu East,30005,312,373,96.17,80.44,SSS,1,11.8
Enugu,Nkanu West,20740,206,587,100.68,35.33,JSS,0,7.0
Enugu,Nsukka,58284,1212,297,48.09,196.24,SSS,1,27.1
Enugu,Oji-River,6760,929,687,7.28,9.84,Primary,1,72.9
Enugu,Udenu,13651,1015,113,13.45,120.81,JSS,0,44.4
Enugu,Udi,37610,1369,239,27.47,157.36,JSS,0,44.8
Enugu,Uzo-Uwani,37396,466,379,80.25,98.67,JSS,1,5.0
FCT,Abaji,41392,1397,306,29.63,135.27,Primary,1,39.8
FCT,Abuja Municipal,39027,1467,480,26.6,81.31,Primary,1,85.9
FCT,Bwari,45903,758,319,60.56,143.9,Primary,1,5.0
FCT,Gwagwalada,43379,993,448,43.68,96.83,JSS,0,28.3
FCT,Kuje,3929,1307,515,3.01,7.63,Primary,1,60.8
FCT,Kwali,36210,154,586,235.13,61.79,Primary,1,12.8
Gombe,Akko,53062,324,571,163.77,92.93,Primary,1,6.7
Gombe,Balanga,3785,280,398,13.52,9.51,JSS,0,28.6
Gombe,Billiri,18848,384,703,49.08,26.81,SSS,1,21.0
Gombe,Dukku,7857,420,412,18.71,19.07,JSS,1,25.3
Gombe,Funakaye,58568,1202,793,48.73,73.86,Primary,0,45.8
Gombe,Gombe,22218,244,549,91.06,40.47,SSS,0,5.0
Gombe,Kaltungo,22595,325,690,69.52,32.75,Primary,0,17.3
Gombe,Kwami,4960,637,553,7.79,8.97,Primary,1,53.6
Gombe,Nafada,16527,486,428,34.01,38.61,SSS,1,42.2
Gombe,Shongom,6802,161,633,42.25,10.75,SSS,1,44.0
Gombe,Yamaltu/Deba,11016,416,766,26.48,14.38,Primary,1,37.3
Imo,Aboh Mbaise,29910,799,143,37.43,209.16,Primary,1,57.6
Imo,Ahiazu Mbaise,42105,775,315,54.33,133.67,JSS,0,5.0
Imo,Ehime Mbano,14590,621,676,23.49,21.58,SSS,0,29.4
Imo,Ezinihitte Mbaise,44216,626,223,70.63,198.28,Primary,0,12.3
Imo,Ideato North,37782,1461,104,25.86,363.29,JSS,1,5.0
Imo,Ideato South,15449,1483,685,10.42,22.55,JSS,1,47.3
Imo,Ihitte/Uboma,5951,1318,661,4.52,9.0,Primary,0,70.0
Imo,Ikeduru,36204,860,562,42.1,64.42,JSS,1,33.3
Imo,Isiala Mbano,26071,1177,39,22.15,668.49,Primary,1,23.9
Imo,Isu,49109,782,289,62.8,169.93,Primary,1,37.4
Imo,Mbaitoli,48409,1178,745,41.09,64.98,JSS,1,22.6
Imo,Ngor Okpala,17087,469,354,36.43,48.27,SSS,0,45.8
Imo,Njaba,56384,507,481,111.21,117.22,SSS,1,5.0
Imo,Nkwerre,47859,711,204,67.31,234.6,SSS,0,9.1
Imo,Nwangele,48486,872,635,55.6,76.36,SSS,1,30.8
Imo,Obowo,28599,1458,332,19.62,86.14,Primary,0,24.9
Imo,Oguta,16324,289,770,56.48,21.2,Primary,0,28.7
Imo,Ohaji/Egbema,54168,1203,650,45.03,83.34,SSS,1,13.6
Imo,Okigwe,22604,619,517,36.52,43.72,JSS,0,67.4
Imo,Onuimo,13293,644,73,20.64,182.1,SSS,0,6.5
Imo,Orlu,20058,466,140,43.04,143.27,SSS,1,38.2
Imo,Orsu,39982,1259,716,31.76,55.84,SSS,1,32.3
Imo,Oru East,54944,1237,420,44.42,130.82,Primary,1,39.1
Imo,Oru West,55870,1331,652,41.98,85.69,SSS,0,49.4
Imo,Owerri Municipal,14308,1317,88,10.86,162.59,JSS,1,44.9
Imo,Owerri North,49681,1207,422,41.16,117.73,JSS,0,33.5
Imo,Owerri West,58835,357,262,164.8,224.56,Primary,1,5.6
Jigawa,Auyo,58751,1463,97,40.16,605.68,Primary,1,13.1
Jigawa,Babura,35983,638,188,56.4,191.4,Primary,1,5.0
Jigawa,Biriniwa,54098,94,765,575.51,70.72,Primary,1,10.2
Jigawa,Birnin Kudu,42121,793,331,53.12,127.25,Primary,1,29.3
Jigawa,Buji,31399,410,362,76.58,86.74,Primary,0,16.3
Jigawa,Dutse,28851,639,725,45.15,39.79,JSS,1,25.3
Jigawa,Gagarawa,33873,1493,289,22.69,117.21,JSS,1,56.8
Jigawa,Garki,53081,1350,549,39.32,96.69,JSS,1,27.4
Jigawa,Gumel,25357,172,115,147.42,220.5,Primary,1,5.3
Jigawa,Guri,27532,249,793,110.57,34.72,Primary,0,5.0
Jigawa,Gwaram,4196,89,769,47.15,5.46,Primary,0,25.0
Jigawa,Gwiwa,5176,680,634,7.61,8.16,Primary,1,73.6
Jigawa,Hadejia,48740,195,722,249.95,67.51,Primary,1,11.5
Jigawa,Jahun,55851,1369,344,40.8,162.36,Primary,1,29.9
Jigawa,Kafin Hausa,13521,482,138,28.05,97.98,Primary,0,68.7
Jigawa,Kaugama,12065,163,428,74.02,28.19,JSS,1,13.0
Jigawa,Kazaure,23954,915,300,26.18,79.85,Primary,0,52.6
Jigawa,Kiri Kasama,17270,268,193,64.44,89.48,JSS,1,38.4
Jigawa,Kiyawa,19964,942,283,21.19,70.54,JSS,1,63.5
Jigawa,Maigatari,45633,759,420,60.12,108.65,JSS,0,38.4
Jigawa,Malam Madori,22624,1446,335,15.65,67.53,Primary,1,55.5
Jigawa,Miga,23975,1482,76,16.18,315.46,JSS,1,12.3
Jigawa,Ringim,11712,1056,680,11.09,17.22,Primary,0,75.3
Jigawa,Roni,16422,232,664,70.78,24.73,Primary,0,20.8
Jigawa,Sule Tankarkar,32783,1297,133,25.28,246.49,Primary,1,46.3
Jigawa,Taura,39432,842,710,46.83,55.54,SSS,0,25.3
Jigawa,Yankwashi,28675,254,138,112.89,207.79,Primary,0,5.0
Kaduna,Birnin Gwari,36919,448,72,82.41,512.76,SSS,1,5.0
Kaduna,Chikun,3389,1079,554,3.14,6.12,SSS,1,57.5
Kaduna,Giwa,59414,531,457,111.89,130.01,JSS,0,5.0
Kaduna,Igabi,24074,1282,239,18.78,100.73,Primary,1,41.5
Kaduna,Ikara,55101,1200,546,45.92,100.92,Primary,1,32.5
Kaduna,Jaba,58492,638,708,91.68,82.62,JSS,1,30.0
Kaduna,Jema'a,41709,839,433,49.71,96.33,JSS,1,35.7
Kaduna,Kachia,33020,1421,710,23.24,46.51,Primary,1,44.4
Kaduna,Kaduna North,42930,466,127,92.12,338.03,Primary,1,23.7
Kaduna,Kaduna South,19346,632,177,30.61,109.3,JSS,1,39.4
Kaduna,Kagarko,19194,1237,748,15.52,25.66,JSS,1,38.3
Kaduna,Kajuru,43387,1168,624,37.15,69.53,SSS,0,53.3
Kaduna,Kaura,50994,1351,639,37.75,79.8,Primary,0,34.9
Kaduna,Kauru,59456,1267,112,46.93,530.86,SSS,1,5.0
Kaduna,Kubau,46664,921,399,50.67,116.95,SSS,0,5.0
Kaduna,Kudan,27473,994,277,27.64,99.18,JSS,1,61.4
Kaduna,Lere,46764,230,140,203.32,334.03,JSS,0,5.0
Kaduna,Makarfi,23810,417,635,57.1,37.5,SSS,0,37.4
Kaduna,Sabon Gari,17924,583,715,30.74,25.07,Primary,0,35.5
Kaduna,Sanga,26248,1176,538,22.32,48.79,Primary,1,27.7
Kaduna,Soba,24128,647,216,37.29,111.7,Primary,1,67.8
Kaduna,Zangon Kataf,8668,1438,121,6.03,71.64,JSS,1,50.5
Kaduna,Zaria,34957,335,164,104.35,213.15,Primary,0,5.0
Kano,Ajingi,59704,1141,370,52.33,161.36,JSS,0,5.0
Kano,Albasu,38436,382,625,100.62,61.5,JSS,1,49.2
Kano,Bagwai,29489,131,182,225.11,162.03,JSS,0,5.0
Kano,Bebeji,4200,1465,343,2.87,12.24,Primary,0,58.7
Kano,Bichi,35854,544,105,65.91,341.47,JSS,1,5.0
Kano,Bunkure,38468,751,587,51.22,65.53,JSS,0,33.6
Kano,Dala,44605,699,47,63.81,949.04,Primary,0,5.0
Kano,Dambatta,44458,1053,663,42.22,67.06,JSS,1,22.4
Kano,Dawakin Kudu,50861,1230,176,41.35,288.98,JSS,0,23.2
Kano,Dawakin Tofa,11328,1278,318,8.86,35.62,Primary,1,78.2
Kano,Doguwa,59053,1009,122,58.53,484.04,Primary,1,5.0
Kano,Fagge,51409,96,100,535.51,514.09,JSS,0,17.2
Kano,Gabasawa,53940,1490,236,36.2,228.56,SSS,0,5.8
Kano,Garko,56056,1196,534,46.87,104.97,JSS,1,36.6
Kano,Garun Mallam,56160,508,168,110.55,334.29,SSS,1,5.0
Kano,Gaya,5763,830,214,6.94,26.93,JSS,0,80.4
Kano,Gezawa,52683,300,664,175.61,79.34,Primary,0,7.7
Kano,Gwale,48095,138,603,348.51,79.76,SSS,1,5.8
Kano,Gwarzo,51008,427,700,119.46,72.87,JSS,1,8.2
Kano,Kabo,19633,393,397,49.96,49.45,Primary,0,46.6
Kano,Kano Municipal,27255,123,570,221.59,47.82,Primary,1,8.3
Kano,Karaye,31047,806,605,38.52,51.32,JSS,1,52.0
Kano,Kibiya,42178,133,557,317.13,75.72,Primary,1,10.5
Kano,Kiru,9859,729,329,13.52,29.97,Primary,0,51.5
Kano,Kumbotso,49448,463,91,106.8,543.38,Primary,1,20.2
Kano,Kunchi,51908,1002,615,51.8,84.4,Primary,1,48.3
Kano,Kura,3203,240,569,13.35,5.63,Primary,1,68.2
Kano,Madobi,8710,907,149,9.6,58.46,JSS,1,55.0
Kano,Makoda,58185,1361,293,42.75,198.58,Primary,1,42.6
Kano,Minjibir,44258,1036,120,42.72,368.82,Primary,1,20.6
Kano,Nassarawa,55116,578,537,95.36,102.64,JSS,0,5.0
Kano,Rano,58199,286,797,203.49,73.02,JSS,1,10.2
Kano,Rimin Gado,7478,98,712,76.31,10.5,JSS,0,36.3
Kano,Rogo,36418,1073,724,33.94,50.3,Primary,1,67.6
Kano,Shanono,5217,1117,744,4.67,7.01,Primary,0,78.8
Kano,Sumaila,10031,550,104,18.24,96.45,Primary,1,52.4
Kano,Takai,59579,272,684,219.04,87.1,Primary,0,5.6
Kano,Tarauni,55657,513,141,108.49,394.73,SSS,0,5.0
Kano,Tofa,28520,821,467,34.74,61.07,JSS,1,20.7
Kano,Tsanyawa,26559,1132,325,23.46,81.72,JSS,1,55.9
Kano,Tudun Wada,57199,1023,184,55.91,310.86,SSS,0,13.7
Kano,Ungogo,53409,544,780,98.18,68.47,Primary,1,32.9
Kano,Warawa,51395,1024,93,50.19,552.63,JSS,0,24.6
Kano,Wudil,20478,443,599,46.23,34.19,Primary,1,40.3
Katsina,Bakori,39738,663,325,59.94,122.27,JSS,1,5.3
Katsina,Batagarawa,20033,118,569,169.77,35.21,Primary,1,5.0
Katsina,Batsari,15158,1479,500,10.25,30.32,JSS,0,42.1
Katsina,Baure,26741,532,221,50.27,121.0,Primary,1,36.8
Katsina,Bindawa,22702,814,519,27.89,43.74,Primary,0,62.0
Katsina,Charanchi,36455,609,400,59.86,91.14,JSS,1,42.3
Katsina,Dan Musa,39683,1141,240,34.78,165.35,Primary,0,8.7
Katsina,Dandume,35954,424,253,84.8,142.11,JSS,1,11.2
Katsina,Danja,25523,1175,701,21.72,36.41,Primary,0,34.5
Katsina,Daura,53818,1340,787,40.16,68.38,JSS,1,57.1
Katsina,Dutsi,14874,985,416,15.1,35.75,JSS,1,70.1
Katsina,Dutsin-Ma,52459,1448,156,36.23,336.28,Primary,0,8.4
Katsina,Faskari,35369,355,529,99.63,66.86,Primary,1,5.0
Katsina,Funtua,41897,188,308,222.86,136.03,Primary,0,5.0
Katsina,Ingawa,55495,966,31,57.45,1790.16,JSS,0,6.0
Katsina,Jibia,52649,317,123,166.09,428.04,Primary,0,5.0
Katsina,Kafur,34923,793,393,44.04,88.86,JSS,1,21.4
Katsina,Kaita,22456,1147,768,19.58,29.24,JSS,0,43.7
Katsina,Kankara,30527,151,696,202.17,43.86,SSS,1,8.3
Katsina,Kankia,25800,495,535,52.12,48.22,Primary,1,62.9
Katsina,Katsina,7917,1336,256,5.93,30.93,Primary,1,83.1
Katsina,Kurfi,44830,747,302,60.01,148.44,JSS,1,13.8
Katsina,Kusada,14939,137,298,109.04,50.13,JSS,0,18.4
Katsina,Mai'Adua,53669,162,215,331.29,249.62,JSS,0,5.0
Katsina,Malumfashi,7567,449,521,16.85,14.52,Primary,1,40.6
Katsina,Mani,43446,881,608,49.31,71.46,JSS,0,34.5
Katsina,Mashi,47041,1314,181,35.8,259.9,Primary,1,11.7
Katsina,Matazu,47724,1385,716,34.46,66.65,Primary,0,73.0
Katsina,Musawa,52280,1349,630,38.75,82.98,SSS,0,45.0
Katsina,Rimi,37812,963,323,39.26,117.07,JSS,1,44.3
Katsina,Sabuwa,38440,954,141,40.29,272.62,Primary,0,6.2
Katsina,Safana,48927,271,581,180.54,84.21,Primary,1,7.5
Katsina,Sandamu,50159,522,266,96.09,188.57,JSS,0,20.0
Katsina,Zango,8898,187,631,47.58,14.1,Primary,1,53.6
Kebbi,Aleiro,44574,777,725,57.37,61.48,Primary,1,48.2
Kebbi,Arewa Dandi,57710,357,581,161.65,99.33,Primary,0,20.4
Kebbi,Argungu,50111,781,716,64.16,69.99,Primary,0,30.9
Kebbi,Augie,56743,669,458,84.82,123.89,Primary,1,9.2
Kebbi,Bagudo,12275,85,738,144.41,16.63,JSS,1,6.3
Kebbi,Birnin Kebbi,14795,469,739,31.55,20.02,SSS,0,56.5
Kebbi,Bunza,32227,966,428,33.36,75.3,SSS,0,57.9
Kebbi,Dandi,29514,201,461,146.84,64.02,Primary,0,24.9
Kebbi,Fakai,50929,1231,427,41.37,119.27,JSS,1,29.6
Kebbi,Gwandu,16699,508,313,32.87,53.35,SSS,1,54.3
Kebbi,Jega,58878,955,400,61.65,147.19,Primary,1,25.5
Kebbi,Kalgo,19244,812,452,23.7,42.58,JSS,0,59.3
Kebbi,Koko/Besse,54693,699,33,78.24,1657.36,Primary,1,5.0
Kebbi,Maiyama,12417,1315,35,9.44,354.77,Primary,0,56.4
Kebbi,Ngaski,52028,495,755,105.11,68.91,Primary,1,11.0
Kebbi,Sakaba,53124,842,544,63.09,97.65,Primary,1,5.0
Kebbi,Shanga,38739,1340,277,28.91,139.85,Primary,1,34.8
Kebbi,Suru,28933,1458,145,19.84,199.54,Primary,1,47.5
Kebbi,Wasagu/Danko,50224,889,83,56.49,605.11,Primary,0,8.1
Kebbi,Yauri,11378,735,291,15.48,39.1,Primary,1,47.6
Kebbi,Zuru,51601,906,312,56.95,165.39,Primary,1,41.0
Kogi,Adavi,48947,91,170,537.88,287.92,SSS,1,5.0
Kogi,Ajaokuta,31747,1005,692,31.59,45.88,Primary,1,42.0
Kogi,Ankpa,23674,307,460,77.11,51.47,JSS,1,8.9
Kogi,Bassa,7933,910,193,8.72,41.1,SSS,1,48.0
Kogi,Dekina,44789,300,563,149.3,79.55,SSS,0,5.0
Kogi,Ibaji,20695,467,79,44.31,261.96,Primary,0,5.0
Kogi,Idah,47331,668,678,70.85,69.81,Primary,0,31.7
Kogi,Igalamela-Odolu,54059,1241,159,43.56,339.99,JSS,0,44.1
Kogi,Ijumu,17758,324,136,54.81,130.57,JSS,1,26.1
Kogi,Kabba/Bunu,20755,1071,350,19.38,59.3,JSS,0,48.2
Kogi,Kogi,51899,1211,560,42.86,92.68,JSS,0,46.7
Kogi,Lokoja,32327,1419,723,22.78,44.71,JSS,1,61.6
Kogi,Mopa-Muro,48863,924,390,52.88,125.29,JSS,1,13.7
Kogi,Ofu,51287,1425,41,35.99,1250.9,Primary,1,10.7
Kogi,Ogori/Magongo,24267,1142,89,21.25,272.66,SSS,1,46.3
Kogi,Okehi,35083,204,309,171.98,113.54,Primary,0,5.0
Kogi,Okene,13553,411,179,32.98,75.72,JSS,0,48.3
Kogi,Olamaboro,49435,519,758,95.25,65.22,JSS,1,9.2
Kogi,Omala,11044,202,429,54.67,25.74,JSS,1,49.6
Kogi,Yagba East,49416,1084,628,45.59,78.69,Primary,1,26.6
Kogi,Yagba West,28256,1413,524,20.0,53.92,Primary,1,35.3
Kwara,Asa,37036,1390,384,26.64,96.45,SSS,0,15.9
Kwara,Baruten,51328,405,540,126.74,95.05,Primary,1,5.0
Kwara,Edu,7078,645,373,10.97,18.98,SSS,1,60.0
Kwara,Ekiti,27704,785,355,35.29,78.04,JSS,0,61.9
Kwara,Ifelodun,43299,1307,241,33.13,179.66,SSS,1,42.2
Kwara,Ilorin East,44612,267,470,167.09,94.92,SSS,1,5.0
Kwara,Ilorin South,36691,216,49,169.87,748.8,Primary,1,16.6
Kwara,Ilorin West,18882,885,639,21.34,29.55,JSS,0,75.6
Kwara,Irepodun,16543,407,472,40.65,35.05,Primary,0,27.8
Kwara,Isin,45904,731,592,62.8,77.54,Primary,0,19.9
Kwara,Kaiama,12290,384,36,32.01,341.39,SSS,1,22.0
Kwara,Moro,34086,392,567,86.95,60.12,Primary,1,14.9
Kwara,Offa,38315,1196,714,32.04,53.66,Primary,1,51.4
Kwara,Oke Ero,9719,1349,273,7.2,35.6,Primary,1,49.1
Kwara,Oyun,20848,470,525,44.36,39.71,Primary,1,15.9
Kwara,Patigi,18284,1291,545,14.16,33.55,JSS,0,43.8
Lagos,Agege,7386,999,321,7.39,23.01,SSS,1,43.2
Lagos,Ajeromi-Ifelodun,11750,1290,60,9.11,195.83,SSS,1,36.0
Lagos,Alimosho,42133,1193,722,35.32,58.36,Primary,0,33.2
Lagos,Amuwo-Odofin,8209,469,611,17.5,13.44,SSS,1,72.3
Lagos,Apapa,29123,941,184,30.95,158.28,Primary,1,46.8
Lagos,Badagry,47148,350,799,134.71,59.01,SSS,1,5.3
Lagos,Epe,35698,457,552,78.11,64.67,Primary,0,36.9
Lagos,Eti-Osa,20857,1275,412,16.36,50.62,SSS,1,69.5
Lagos,Ibeju-Lekki,45614,512,294,89.09,155.15,JSS,1,22.4
Lagos,Ifako-Ijaiye,15070,969,152,15.55,99.14,JSS,1,26.0
Lagos,Ikeja,23470,201,369,116.77,63.6,JSS,1,5.0
Lagos,Ikorodu,56051,413,362,135.72,154.84,Primary,1,5.0
Lagos,Kosofe,55592,385,41,144.39,1355.9,JSS,1,5.0
Lagos,Lagos Island,31805,1044,456,30.46,69.75,Primary,1,44.5
Lagos,Lagos Mainland,49751,190,166,261.85,299.7,Primary,1,10.2
Lagos,Mushin,44863,685,458,65.49,97.95,JSS,1,23.4
Lagos,Ojo,52646,1052,143,50.04,368.15,SSS,1,12.4
Lagos,Oshodi-Isolo,17892,312,734,57.35,24.38,Primary,0,26.7
Lagos,Somolu,58131,778,318,74.72,182.8,Primary,0,9.0
Lagos,Surulere,16921,206,512,82.14,33.05,Primary,0,43.4
Nasarawa,Akwanga,23923,764,587,31.31,40.75,JSS,1,16.6
Nasarawa,Awe,55712,144,675,386.89,82.54,JSS,1,5.1
Nasarawa,Doma,34334,998,495,34.4,69.36,Primary,1,5.0
Nasarawa,Karu,38461,1450,678,26.52,56.73,Primary,1,45.1
Nasarawa,Keana,15021,708,633,21.22,23.73,Primary,1,76.0
Nasarawa,Keffi,54448,1100,579,49.5,94.04,Primary,1,24.9
Nasarawa,Kokona,10036,423,778,23.73,12.9,Primary,1,47.0
Nasarawa,Lafia,22937,424,767,54.1,29.9,Primary,1,54.3
Nasarawa,Nasarawa,40344,1009,777,39.98,51.92,Primary,1,51.6
Nasarawa,Nasarawa Eggon,37836,1173,77,32.26,491.38,JSS,1,28.6
Nasarawa,Obi,52630,94,545,559.89,96.57,SSS,1,5.0
Nasarawa,Toto,33966,1364,108,24.9,314.5,Primary,0,49.2
Nasarawa,Wamba,51623,270,395,191.2,130.69,Primary,1,5.0
Niger,Agaie,19932,1177,537,16.93,37.12,Primary,0,63.1
Niger,Agwara,16798,1254,698,13.4,24.07,JSS,0,65.1
Niger,Bida,10601,867,777,12.23,13.64,Primary,1,59.9
Niger,Borgu,18187,1295,354,14.04,51.38,Primary,1,64.7
Niger,Bosso,54415,1464,353,37.17,154.15,JSS,1,19.4
Niger,Chanchaga,20551,190,261,108.16,78.74,Primary,1,13.2
Niger,Edati,36798,1258,551,29.25,66.78,Primary,1,62.7
Niger,Gbako,51665,1486,144,34.77,358.78,Primary,1,15.7
Niger,Gurara,24045,1287,251,18.68,95.8,Primary,0,58.4
Niger,Katcha,47066,458,416,102.76,113.14,Primary,0,5.8
Niger,Kontagora,23651,1190,582,19.87,40.64,JSS,1,63.9
Niger,Lapai,14695,1492,589,9.85,24.95,Primary,0,70.9
Niger,Lavun,36214,1471,282,24.62,128.42,Primary,1,41.0
Niger,Magama,46254,466,731,99.26,63.27,JSS,1,7.0
Niger,Mariga,18581,832,30,22.33,619.37,Primary,1,5.0
Niger,Mashegu,34105,1312,386,25.99,88.35,Primary,0,46.8
Niger,Mokwa,17626,385,663,45.78,26.59,Primary,0,30.2
Niger,Munya,9054,941,419,9.62,21.61,Primary,1,65.7
Niger,Paikoro,30812,788,455,39.1,67.72,JSS,0,26.7
Niger,Rafi,42008,592,245,70.96,171.46,JSS,1,5.0
Niger,Rijau,43635,397,493,109.91,88.51,JSS,0,5.0
Niger,Shiroro,40052,505,108,79.31,370.85,Primary,0,5.0
Niger,Suleja,3145,1399,611,2.25,5.15,Primary,0,66.8
Niger,Tafa,54720,1401,464,39.06,117.93,Primary,0,5.0
Niger,Wushishi,51821,320,398,161.94,130.2,SSS,0,5.0
Ogun,Abeokuta North,9568,633,639,15.12,14.97,JSS,0,41.7
Ogun,Abeokuta South,37085,477,500,77.75,74.17,Primary,1,33.7
Ogun,Ado-Odo/Ota,21300,976,506,21.82,42.09,JSS,1,38.0
Ogun,Ewekoro,12269,617,94,19.88,130.52,JSS,0,57.7
Ogun,Ifo,12196,531,235,22.97,51.9,Primary,1,58.6
Ogun,Ijebu East,37629,1253,369,30.03,101.98,Primary,1,36.6
Ogun,Ijebu North,58756,470,73,125.01,804.88,SSS,1,5.0
Ogun,Ijebu North East,17201,927,628,18.56,27.39,JSS,0,48.9
Ogun,Ijebu Ode,49688,248,710,200.35,69.98,SSS,1,16.8
Ogun,Ikenne,45719,597,132,76.58,346.36,SSS,0,5.0
Ogun,Imeko Afon,19075,135,749,141.3,25.47,SSS,1,5.0
Ogun,Ipokia,24118,1395,143,17.29,168.66,Primary,1,47.8
Ogun,Obafemi Owode,23906,1220,195,19.6,122.59,Primary,0,43.8
Ogun,Odeda,41239,968,347,42.6,118.84,JSS,0,29.1
Ogun,Odogbolu,4364,740,724,5.9,6.03,JSS,1,62.9
Ogun,Ogun Waterside,4552,152,43,29.95,105.86,SSS,1,32.4
Ogun,Remo North,20380,326,560,62.52,36.39,JSS,1,49.4
Ogun,Sagamu,41367,1234,479,33.52,86.36,Primary,0,41.3
Ogun,Yewa North,26600,646,695,41.18,38.27,JSS,0,51.5
Ogun,Yewa South,49854,1149,331,43.39,150.62,Primary,1,27.9
Ondo,Akoko North-East,10367,1260,516,8.23,20.09,Primary,0,58.8
Ondo,Akoko North-West,50914,745,119,68.34,427.85,Primary,0,5.0
Ondo,Akoko South-East,14549,1243,759,11.7,19.17,Primary,1,90.2
Ondo,Akoko South-West,10067,1075,607,9.36,16.58,Primary,0,57.4
Ondo,Akure North,4299,637,212,6.75,20.28,SSS,1,56.1
Ondo,Akure South,24637,1295,385,19.02,63.99,Primary,1,54.7
Ondo,Ese Odo,37565,163,184,230.46,204.16,JSS,1,6.9
Ondo,Idanre,3534,1396,38,2.53,93.0,JSS,0,41.0
Ondo,Ifedore,52623,972,576,54.14,91.36,JSS,1,40.2
Ondo,Ilaje,52697,1272,551,41.43,95.64,JSS,0,29.1
Ondo,Ile Oluji/Okeigbo,49476,945,135,52.36,366.49,Primary,1,41.1
Ondo,Irele,36541,471,666,77.58,54.87,JSS,1,38.1
Ondo,Odigbo,4545,548,241,8.29,18.86,Primary,1,81.3
Ondo,Okitipupa,26508,933,690,28.41,38.42,SSS,0,41.3
Ondo,Ondo East,41729,1478,475,28.23,87.85,Primary,1,58.4
Ondo,Ondo West,24751,149,86,166.11,287.8,Primary,1,5.0
Ondo,Ose,43115,623,775,69.21,55.63,Primary,0,5.0
Ondo,Owo,32148,655,484,49.08,66.42,Primary,1,55.0
Osun,Aiyedaade,32553,1100,787,29.59,41.36,JSS,0,47.2
Osun,Aiyedire,19692,985,372,19.99,52.94,Primary,1,75.7
Osun,Atakunmosa East,55533,912,169,60.89,328.6,SSS,0,14.3
Osun,Atakunmosa West,18372,1442,288,12.74,63.79,SSS,1,52.9
Osun,Boluwaduro,40860,361,117,113.19,349.23,SSS,1,6.0
Osun,Boripe,51947,924,198,56.22,262.36,JSS,1,37.7
Osun,Ede North,54028,789,606,68.48,89.16,Primary,1,35.6
Osun,Ede South,45470,540,692,84.2,65.71,SSS,1,10.6
Osun,Egbedore,27831,1087,382,25.6,72.86,SSS,1,53.8
Osun,Ejigbo,3877,1329,644,2.92,6.02,Primary,0,74.3
Osun,Ife Central,53375,1204,797,44.33,66.97,Primary,1,55.9
Osun,Ife East,40045,386,551,103.74,72.68,SSS,1,24.8
Osun,Ife North,39770,1166,662,34.11,60.08,JSS,1,58.4
Osun,Ife South,40292,513,236,78.54,170.73,JSS,1,25.4
Osun,Ifedayo,7951,1273,787,6.25,10.1,JSS,1,60.9
Osun,Ifelodun,49024,915,228,53.58,215.02,JSS,0,27.7
Osun,Ila,5607,1154,639,4.86,8.77,Primary,1,66.1
Osun,Ilesa East,27090,1039,507,26.07,53.43,Primary,1,45.9
Osun,Ilesa West,21231,787,73,26.98,290.84,Primary,0,31.0
Osun,Irepodun,52316,996,174,52.53,300.67,Primary,0,29.2
Osun,Irewole,36132,1403,36,25.75,1003.67,SSS,1,8.9
Osun,Isokan,31902,532,423,59.97,75.42,JSS,1,28.8
Osun,Iwo,6149,164,59,37.49,104.22,Primary,1,5.0
Osun,Obokun,33373,1274,604,26.2,55.25,JSS,0,54.4
Osun,Odo Otin,39643,1481,649,26.77,61.08,Primary,0,46.6
Osun,Ola Oluwa,56374,159,267,354.55,211.14,Primary,1,5.0
Osun,Olorunda,50340,1490,455,33.79,110.64,Primary,1,41.0
Osun,Oriade,24939,763,138,32.69,180.72,Primary,1,38.2
Osun,Orolu,13748,1425,304,9.65,45.22,SSS,1,62.9
Osun,Osogbo,36342,653,641,55.65,56.7,SSS,1,27.4
Oyo,Afijio,55611,283,225,196.51,247.16,JSS,1,8.4
Oyo,Akinyele,49289,608,373,81.07,132.14,Primary,0,14.0
Oyo,Atiba,20929,1150,408,18.2,51.3,JSS,1,31.9
Oyo,Atisbo,10194,609,708,16.74,14.4,Primary,1,70.0
Oyo,Egbeda,38208,792,523,48.24,73.06,JSS,1,37.1
Oyo,Ibadan North,9310,1039,438,8.96,21.26,SSS,1,46.0
Oyo,Ibadan North-East,17953,212,649,84.68,27.66,SSS,1,10.3
Oyo,Ibadan North-West,17457,96,225,181.84,77.59,SSS,1,5.0
Oyo,Ibadan South-East,23805,1460,445,16.3,53.49,Primary,1,54.0
Oyo,Ibadan South-West,49598,1372,405,36.15,122.46,Primary,1,26.0
Oyo,Ibarapa Central,6557,231,512,28.39,12.81,Primary,1,61.8
Oyo,Ibarapa East,14559,540,353,26.96,41.24,SSS,0,31.8
Oyo,Ibarapa North,15458,553,563,27.95,27.46,Primary,1,60.5
Oyo,Ido,17419,1116,722,15.61,24.13,Primary,1,71.1
Oyo,Irepo,56111,596,759,94.15,73.93,JSS,1,60.2
Oyo,Iseyin,43522,1340,95,32.48,458.13,Primary,1,18.6
Oyo,Itesiwaju,6990,1194,779,5.85,8.97,JSS,1,67.7
Oyo,Iwajowa,23316,128,81,182.16,287.85,Primary,1,5.0
Oyo,Kajola,18994,767,329,24.76,57.73,Primary,0,37.9
Oyo,Lagelu,29973,760,493,39.44,60.8,SSS,0,41.4
Oyo,Ogbomosho North,6385,572,157,11.16,40.67,Primary,0,56.6
Oyo,Ogbomosho South,39404,303,183,130.05,215.32,Primary,0,9.0
Oyo,Ogo Oluwa,15316,451,552,33.96,27.75,JSS,0,22.8
Oyo,Olorunsogo,59030,1205,75,48.99,787.07,Primary,0,7.0
Oyo,Oluyole,42978,675,732,63.67,58.71,JSS,1,33.9
Oyo,Ona Ara,4211,309,218,13.63,19.32,JSS,0,83.8
Oyo,Orelope,17292,1084,375,15.95,46.11,Primary,1,57.9
Oyo,Ori Ire,12472,338,76,36.9,164.11,SSS,1,5.0
Oyo,Oyo East,7551,855,638,8.83,11.84,SSS,0,57.9
Oyo,Oyo West,5311,1161,331,4.57,16.05,JSS,1,27.5
Oyo,Saki East,44508,1445,436,30.8,102.08,Primary,1,26.6
Oyo,Saki West,51632,1176,278,43.9,185.73,JSS,1,18.4
Oyo,Surulere,9697,1145,705,8.47,13.75,Primary,0,66.0
Plateau,Barkin Ladi,55122,1232,628,44.74,87.77,JSS,0,22.5
Plateau,Bassa,28401,585,111,48.55,255.86,SSS,1,5.0
Plateau,Bokkos,41784,196,657,213.18,63.6,Primary,1,8.8
Plateau,Jos East,8577,619,513,13.86,16.72,Primary,1,59.8
Plateau,Jos North,49858,784,759,63.59,65.69,Primary,1,36.5
Plateau,Jos South,17650,1142,288,15.46,61.28,Primary,0,30.5
Plateau,Kanke,42937,1080,484,39.76,88.71,Primary,1,34.0
Plateau,Kanam,21467,518,758,41.44,28.32,JSS,1,27.7
Plateau,Langtang North,23183,698,138,33.21,167.99,JSS,0,28.8
Plateau,Langtang South,49694,118,314,421.14,158.26,SSS,0,16.0
Plateau,Mangu,25259,255,267,99.05,94.6,Primary,0,45.4
Plateau,Mikang,27207,1491,169,18.25,160.99,Primary,1,23.8
Plateau,Pankshin,16100,441,678,36.51,23.75,Primary,1,41.1
Plateau,Qua'an Pan,24400,1246,419,19.58,58.23,JSS,1,65.3
Plateau,Riyom,3719,154,299,24.15,12.44,Primary,1,38.9
Plateau,Shendam,53227,599,127,88.86,419.11,Primary,1,23.7
Plateau,Wase,21635,1132,672,19.11,32.19,Primary,1,49.1
Rivers,Abua-Odual,18078,1403,704,12.89,25.68,Primary,1,50.6
Rivers,Ahoada East,19363,126,159,153.67,121.78,SSS,1,5.0
Rivers,Ahoada West,21174,965,596,21.94,35.53,SSS,1,10.5
Rivers,Akuku-Toru,46723,529,552,88.32,84.64,Primary,1,5.0
Rivers,Andoni,40755,621,293,65.63,139.1,JSS,1,26.5
Rivers,Asari-Toru,13450,806,581,16.69,23.15,JSS,1,36.6
Rivers,Bonny,43544,446,557,97.63,78.18,Primary,1,38.5
Rivers,Degema,10856,1385,162,7.84,67.01,Primary,1,68.9
Rivers,Eleme,38983,630,695,61.88,56.09,SSS,0,12.1
Rivers,Emohua,24137,1175,788,20.54,30.63,Primary,0,46.1
Rivers,Etche,6981,1381,592,5.06,11.79,Primary,0,49.3
Rivers,Gokana,25760,1497,530,17.21,48.6,SSS,0,46.9
Rivers,Ikwerre,21562,1102,661,19.57,32.62,JSS,0,53.6
Rivers,Khana,22665,694,358,32.66,63.31,JSS,0,37.4
Rivers,Obio-Akpor,57846,108,751,535.61,77.03,Primary,1,10.3
Rivers,Ogba-Egbema-Ndoni,36123,218,532,165.7,67.9,SSS,1,5.0
Rivers,Ogu-Bolo,20138,849,693,23.72,29.06,SSS,1,50.4
Rivers,Okrika,18128,1407,466,12.88,38.9,SSS,1,38.2
Rivers,Omuma,6071,635,385,9.56,15.77,JSS,1,71.1
Rivers,Opobo-Nkoro,23710,1041,277,22.78,85.6,Primary,0,38.7
Rivers,Oyigbo,58718,1277,706,45.98,83.17,JSS,1,37.9
Rivers,Port Harcourt,5786,1105,130,5.24,44.51,JSS,0,9.0
Rivers,Tai,3453,1426,766,2.42,4.51,Primary,0,87.3
Sokoto,Binji,24304,450,320,54.01,75.95,Primary,0,25.1
Sokoto,Bodinga,54586,900,497,60.65,109.83,Primary,1,27.0
Sokoto,Dange/Shuni,49577,963,361,51.48,137.33,JSS,0,23.1
Sokoto,Gada,26519,1089,556,24.35,47.7,Primary,0,50.8
Sokoto,Goronyo,26831,1057,334,25.38,80.33,Primary,1,34.6
Sokoto,Gudu,32774,512,182,64.01,180.08,Primary,1,8.3
Sokoto,Gwadabawa,10860,1462,469,7.43,23.16,Primary,1,51.1
Sokoto,Illela,17352,810,355,21.42,48.88,Primary,1,18.0
Sokoto,Isa,8972,938,429,9.57,20.91,JSS,1,39.1
Sokoto,Kebbe,31400,100,719,314.0,43.67,Primary,1,9.1
Sokoto,Kware,35408,1169,678,30.29,52.22,JSS,1,67.4
Sokoto,Rabah,13702,316,55,43.36,249.13,Primary,0,20.9
Sokoto,Sabon Birni,27094,1418,647,19.11,41.88,JSS,0,47.7
Sokoto,Shagari,34007,417,66,81.55,515.26,JSS,1,13.8
Sokoto,Silame,55066,1338,462,41.16,119.19,Primary,0,28.1
Sokoto,Sokoto North,21033,1467,159,14.34,132.28,Primary,0,65.5
Sokoto,Sokoto South,46890,922,533,50.86,87.97,SSS,1,17.5
Sokoto,Tambuwal,44894,1181,441,38.01,101.8,SSS,0,12.3
Sokoto,Tangaza,11563,897,180,12.89,64.24,SSS,1,37.5
Sokoto,Tureta,11434,832,541,13.74,21.13,Primary,0,33.5
Sokoto,Wamakko,38851,1340,799,28.99,48.62,Primary,1,44.3
Sokoto,Wurno,41231,1365,312,30.21,132.15,JSS,0,61.3
Sokoto,Yabo,53222,1054,744,50.5,71.53,SSS,0,30.9
Taraba,Ardo Kola,45964,825,704,55.71,65.29,SSS,1,35.2
Taraba,Bali,35391,697,147,50.78,240.76,SSS,1,20.8
Taraba,Donga,57712,1396,767,41.34,75.24,Primary,0,28.1
Taraba,Gashaka,49950,555,540,90.0,92.5,JSS,0,5.0
Taraba,Gassol,32506,955,764,34.04,42.55,SSS,1,46.2
Taraba,Ibi,35214,854,730,41.23,48.24,JSS,1,35.8
Taraba,Jalingo,54372,313,619,173.71,87.84,Primary,1,5.0
Taraba,Karim Lamido,35980,1008,781,35.69,46.07,Primary,0,52.6
Taraba,Kurmi,6293,1361,742,4.62,8.48,SSS,0,69.3
Taraba,Lau,19117,523,652,36.55,29.32,JSS,1,49.1
Taraba,Sardauna,49631,788,598,62.98,82.99,SSS,0,32.1
Taraba,Takum,21161,1384,352,15.29,60.12,JSS,1,50.8
Taraba,Ussa,7656,1405,67,5.45,114.27,JSS,0,29.1
Taraba,Wukari,6232,387,403,16.1,15.46,JSS,0,46.4
Taraba,Yorro,14017,194,150,72.25,93.45,Primary,0,9.4
Taraba,Zing,11424,274,41,41.69,278.63,Primary,1,22.6
Yobe,Bade,20207,1463,414,13.81,48.81,Primary,1,64.4
Yobe,Bursari,8534,1338,737,6.38,11.58,Primary,0,61.9
Yobe,Damaturu,49182,475,36,103.54,1366.17,JSS,1,29.9
Yobe,Fika,48494,1478,321,32.81,151.07,JSS,1,65.6
Yobe,Fune,49761,1243,386,40.03,128.91,Primary,1,67.5
Yobe,Geidam,20438,319,392,64.07,52.14,JSS,0,36.9
Yobe,Gujba,45662,1222,627,37.37,72.83,JSS,0,48.6
Yobe,Gulani,52961,1307,267,40.52,198.36,JSS,0,7.2
Yobe,Jakusko,22932,1217,49,18.84,468.0,Primary,1,33.2
Yobe,Karasuwa,58907,1435,532,41.05,110.73,SSS,0,14.6
Yobe,Machina,58929,315,456,187.08,129.23,Primary,0,5.0
Yobe,Nangere,39495,1495,125,26.42,315.96,Primary,0,19.5
Yobe,Nguru,45899,212,678,216.5,67.7,JSS,0,5.0
Yobe,Potiskum,29119,1482,720,19.65,40.44,Primary,1,54.7
Yobe,Tarmuwa,13481,1046,142,12.89,94.94,Primary,0,44.2
Yobe,Yunusari,14258,1315,447,10.84,31.9,Primary,0,81.2
Yobe,Yusufari,4726,346,408,13.66,11.58,JSS,0,55.7
Zamfara,Anka,44831,283,242,158.41,185.25,Primary,1,17.9
Zamfara,Bakura,45495,768,425,59.24,107.05,Primary,1,50.2
Zamfara,Birnin Magaji,12843,615,340,20.88,37.77,Primary,1,48.5
Zamfara,Bukkuyum,21147,1323,470,15.98,44.99,SSS,1,63.1
Zamfara,Bungudu,47874,1068,157,44.83,304.93,JSS,0,41.2
Zamfara,Gummi,19412,785,45,24.73,431.38,JSS,1,39.6
Zamfara,Gusau,9372,1041,326,9.0,28.75,JSS,1,74.3
Zamfara,Kauran Namoda,56412,877,484,64.32,116.55,Primary,0,5.0
Zamfara,Maradun,56386,560,478,100.69,117.96,Primary,1,43.4
Zamfara,Maru,26524,1001,686,26.5,38.66,Primary,1,51.6
Zamfara,Shinkafi,52868,1221,514,43.3,102.86,Primary,0,49.1
Zamfara,Talatan Mafara,36837,1247,779,29.54,47.29,Primary,1,46.6
Zamfara,Tsafe,50456,1169,108,43.16,467.19,JSS,1,19.7
Zamfara,Zurmi,15664,1487,181,10.53,86.54,Primary,0,64.7
